<?xml version="1.0" encoding="UTF-8" standalone="no"?><TaskList Version="2.0"><Task Active="false" ConnectorKind="local" CreationDate="2016-04-09 21:09:25.810 -0400" DueDate="" EndDate="" Estimated="0" Handle="local-1" Kind="task" Label="Create Buckets for SSLConections" LastModified="now" MarkReadPending="false" ModificationDate="" Notes="" NotifiedIncoming="true" Owner="local" Priority="P3" Reminded="false" RepositoryUrl="local" ScheduledEndDate="2016-04-09 23:59:59.999 -0400" ScheduledStartDate="2016-04-03 00:00:00.0 -0400" Stale="false" TaskId="1" offlineSyncState="SYNCHRONIZED"/><Task Active="false" ConnectorKind="local" CreationDate="2016-04-09 21:10:35.94 -0400" DueDate="" EndDate="" Estimated="0" Handle="local-4" Kind="task" Label="Handle Message Relaying For Each Server" LastModified="now" MarkReadPending="false" ModificationDate="" Notes="" NotifiedIncoming="true" Owner="local" Priority="P3" Reminded="false" RepositoryUrl="local" ScheduledEndDate="2016-04-09 23:59:59.999 -0400" ScheduledStartDate="2016-04-03 00:00:00.0 -0400" Stale="false" TaskId="4" offlineSyncState="SYNCHRONIZED"/><Task Active="false" ConnectorKind="local" CreationDate="2016-04-09 21:10:08.772 -0400" DueDate="" EndDate="" Estimated="0" Handle="local-3" Kind="task" Label="Allow Connections From Users" LastModified="now" MarkReadPending="false" ModificationDate="" Notes="" NotifiedIncoming="true" Owner="local" Priority="P3" Reminded="false" RepositoryUrl="local" ScheduledEndDate="2016-04-09 23:59:59.999 -0400" ScheduledStartDate="2016-04-03 00:00:00.0 -0400" Stale="false" TaskId="3" offlineSyncState="SYNCHRONIZED"/><Task Active="false" ConnectorKind="local" CreationDate="2016-04-09 21:09:52.88 -0400" DueDate="" EndDate="" Estimated="0" Handle="local-2" Kind="task" Label="Fix SSLConnections" LastModified="now" MarkReadPending="false" ModificationDate="" Notes="" NotifiedIncoming="true" Owner="local" Priority="P3" Reminded="false" RepositoryUrl="local" ScheduledEndDate="2016-04-09 23:59:59.999 -0400" ScheduledStartDate="2016-04-03 00:00:00.0 -0400" Stale="false" TaskId="2" offlineSyncState="SYNCHRONIZED"/><TaskCategory Handle="Uncategorized" Name="Uncategorized"><TaskReference Handle="local-1"/><TaskReference Handle="local-2"/><TaskReference Handle="local-3"/><TaskReference Handle="local-4"/></TaskCategory></TaskList>